送达点数,算例,随机_路程m,随机_时间s,最近邻_路程m,最近邻_时间s,2opt_路程m,2opt_时间s,2opt比随机省%,2opt比最近邻省%
3,1,72.842,145.68,72.842,145.68,68.999,138.0,5.27,5.27
3,2,76.667,153.33,64.18,128.36,59.311,118.62,22.64,7.59
3,3,81.77,163.54,81.77,163.54,81.77,163.54,0.0,0.0
3,4,104.938,209.88,67.059,134.12,66.295,132.59,36.82,1.14
3,5,77.138,154.28,77.138,154.28,77.138,154.28,0.0,0.0
3,6,63.491,126.98,63.491,126.98,58.037,116.07,8.59,8.59
3,7,70.969,141.94,70.723,141.45,70.723,141.45,0.35,0.0
3,8,83.317,166.63,81.295,162.59,81.295,162.59,2.43,0.0
3,9,77.573,155.15,83.172,166.34,77.573,155.15,0.0,6.73
3,10,86.466,172.93,86.466,172.93,85.131,170.26,1.54,1.54
3,11,56.82,113.64,56.984,113.97,56.82,113.64,0.0,0.29
3,12,81.264,162.53,78.785,157.57,78.785,157.57,3.05,0.0
3,13,74.246,148.49,74.246,148.49,73.77,147.54,0.64,0.64
3,14,75.583,151.17,75.583,151.17,75.583,151.17,0.0,0.0
3,15,128.364,256.73,76.748,153.5,76.308,152.62,40.55,0.57
3,16,87.071,174.14,77.852,155.7,77.852,155.7,10.59,0.0
3,17,78.991,157.98,79.705,159.41,78.991,157.98,0.0,0.9
3,18,88.426,176.85,86.95,173.9,85.093,170.19,3.77,2.14
3,19,66.235,132.47,68.765,137.53,66.235,132.47,0.0,3.68
3,20,60.61,121.22,60.525,121.05,60.525,121.05,0.14,0.0
3,21,63.729,127.46,63.729,127.46,62.536,125.07,1.87,1.87
3,22,66.637,133.27,37.367,74.73,37.293,74.59,44.04,0.2
3,23,74.922,149.84,78.448,156.9,73.281,146.56,2.19,6.59
3,24,85.613,171.23,71.545,143.09,71.545,143.09,16.43,0.0
3,25,90.261,180.52,77.237,154.47,75.447,150.89,16.41,2.32
3,26,86.907,173.81,86.907,173.81,86.907,173.81,0.0,0.0
3,27,60.441,120.88,60.441,120.88,59.507,119.01,1.55,1.55
3,28,105.279,210.56,83.966,167.93,83.966,167.93,20.24,0.0
3,29,102.88,205.76,89.042,178.08,89.042,178.08,13.45,0.0
3,30,86.431,172.86,80.588,161.18,80.588,161.18,6.76,0.0
5,1,122.887,245.77,91.386,182.77,91.386,182.77,25.63,0.0
5,2,98.887,197.77,80.842,161.68,76.338,152.68,22.8,5.57
5,3,108.851,217.7,79.234,158.47,74.371,148.74,31.68,6.14
5,4,122.408,244.82,91.344,182.69,83.316,166.63,31.94,8.79
5,5,87.597,175.19,84.782,169.56,71.966,143.93,17.84,15.12
5,6,137.155,274.31,94.069,188.14,82.779,165.56,39.65,12.0
5,7,102.446,204.89,89.822,179.64,89.585,179.17,12.55,0.26
5,8,116.015,232.03,82.85,165.7,71.554,143.11,38.32,13.63
5,9,96.806,193.61,91.942,183.88,87.468,174.94,9.65,4.87
5,10,115.967,231.93,90.505,181.01,90.505,181.01,21.96,0.0
5,11,120.843,241.69,96.621,193.24,84.972,169.94,29.68,12.06
5,12,83.962,167.92,80.43,160.86,76.836,153.67,8.49,4.47
5,13,132.602,265.2,81.194,162.39,77.824,155.65,41.31,4.15
5,14,130.87,261.74,106.168,212.34,94.984,189.97,27.42,10.53
5,15,112.077,224.15,87.132,174.26,84.245,168.49,24.83,3.31
5,16,106.403,212.81,82.388,164.78,82.388,164.78,22.57,0.0
5,17,114.603,229.21,77.329,154.66,77.329,154.66,32.52,0.0
5,18,97.066,194.13,78.23,156.46,63.517,127.03,34.56,18.81
5,19,80.256,160.51,84.88,169.76,80.256,160.51,0.0,5.45
5,20,143.022,286.04,87.41,174.82,86.119,172.24,39.79,1.48
5,21,88.448,176.9,83.472,166.94,78.436,156.87,11.32,6.03
5,22,125.585,251.17,94.055,188.11,94.055,188.11,25.11,0.0
5,23,126.726,253.45,93.514,187.03,84.638,169.28,33.21,9.49
5,24,118.411,236.82,86.347,172.69,86.347,172.69,27.08,0.0
5,25,120.643,241.29,90.29,180.58,90.29,180.58,25.16,0.0
5,26,97.638,195.28,87.28,174.56,81.745,163.49,16.28,6.34
5,27,59.605,119.21,60.69,121.38,59.249,118.5,0.6,2.37
5,28,75.087,150.17,68.836,137.67,61.016,122.03,18.74,11.36
5,29,86.622,173.24,55.828,111.66,54.599,109.2,36.97,2.2
5,30,84.599,169.2,86.89,173.78,84.599,169.2,0.0,2.64
8,1,85.321,170.64,87.271,174.54,76.459,152.92,10.39,12.39
8,2,131.065,262.13,109.533,219.07,108.981,217.96,16.85,0.5
8,3,127.882,255.76,71.301,142.6,71.301,142.6,44.24,0.0
8,4,148.389,296.78,106.619,213.24,88.686,177.37,40.23,16.82
8,5,150.039,300.08,112.628,225.26,104.578,209.16,30.3,7.15
8,6,160.696,321.39,102.286,204.57,97.729,195.46,39.18,4.46
8,7,144.494,288.99,127.541,255.08,107.548,215.1,25.57,15.68
8,8,149.293,298.59,97.401,194.8,96.502,193.0,35.36,0.92
8,9,125.039,250.08,96.512,193.02,92.344,184.69,26.15,4.32
8,10,199.189,398.38,109.708,219.42,100.614,201.23,49.49,8.29
8,11,158.639,317.28,115.346,230.69,98.781,197.56,37.73,14.36
8,12,164.186,328.37,117.489,234.98,114.118,228.24,30.49,2.87
8,13,132.27,264.54,119.905,239.81,99.484,198.97,24.79,17.03
8,14,142.963,285.93,98.938,197.88,89.739,179.48,37.23,9.3
8,15,189.679,379.36,105.292,210.58,94.893,189.79,49.97,9.88
8,16,168.099,336.2,99.116,198.23,91.925,183.85,45.32,7.26
8,17,126.737,253.47,106.761,213.52,96.237,192.47,24.07,9.86
8,18,220.32,440.64,92.421,184.84,92.341,184.68,58.09,0.09
8,19,165.737,331.47,88.531,177.06,88.531,177.06,46.58,0.0
8,20,125.373,250.75,105.942,211.88,105.024,210.05,16.23,0.87
8,21,130.058,260.12,92.916,185.83,82.727,165.45,36.39,10.97
8,22,151.321,302.64,85.097,170.19,78.607,157.21,48.05,7.63
8,23,196.798,393.6,110.896,221.79,106.638,213.28,45.81,3.84
8,24,156.725,313.45,113.983,227.97,102.876,205.75,34.36,9.74
8,25,112.706,225.41,82.539,165.08,73.186,146.37,35.07,11.33
8,26,199.11,398.22,101.77,203.54,96.074,192.15,51.75,5.6
8,27,137.476,274.95,118.675,237.35,97.926,195.85,28.77,17.48
8,28,163.424,326.85,93.681,187.36,88.094,176.19,46.09,5.96
8,29,187.527,375.05,108.077,216.15,101.408,202.82,45.92,6.17
8,30,157.817,315.63,99.054,198.11,99.054,198.11,37.24,0.0
